<?xml version="1.0" encoding="UTF-8"?>
<l:dependencies xmlns:l='licenses' groupId='io.jenkins.plugins' artifactId='jaxb' version='2.3.0.1'><l:dependency name='JAXB plugin' groupId='io.jenkins.plugins' artifactId='jaxb' version='2.3.0.1' url='http://wiki.jenkins-ci.org/display/JENKINS/JAXB+Plugin'><l:description>Detached packaging for JAXB for more transparent Java 9+ compatibility</l:description><l:license name='MIT' url='http://www.opensource.org/licenses/mit-license.php'/></l:dependency><l:dependency name='jaxb-api' groupId='javax.xml.bind' artifactId='jaxb-api' version='2.3.0' url='https://github.com/javaee/jaxb-spec/jaxb-api'><l:description>JAXB (JSR 222) API</l:description><l:license name='CDDL 1.1' url='https://oss.oracle.com/licenses/CDDL+GPL-1.1'/><l:license name='GPL2 w/ CPE' url='https://oss.oracle.com/licenses/CDDL+GPL-1.1'/></l:dependency><l:dependency name='Old JAXB Core' groupId='com.sun.xml.bind' artifactId='jaxb-core' version='2.3.0' url='http://jaxb.java.net/jaxb-bundles/jaxb-core'><l:description>Old JAXB Core module. Contains sources required by XJC, JXC and Runtime modules with dependencies.</l:description><l:license name='CDDL+GPL License' url='http://glassfish.java.net/public/CDDL+GPL_1_1.html'/></l:dependency><l:dependency name='Old JAXB Runtime' groupId='com.sun.xml.bind' artifactId='jaxb-impl' version='2.3.0' url='http://jaxb.java.net/jaxb-bundles/jaxb-impl'><l:description>Old JAXB Runtime module. Contains sources required for runtime processing.</l:description><l:license name='CDDL+GPL License' url='http://glassfish.java.net/public/CDDL+GPL_1_1.html'/></l:dependency></l:dependencies>