<?xml version="1.0" encoding="UTF-8"?>
<l:dependencies xmlns:l='licenses' groupId='org.jenkins-ci.plugins.workflow' artifactId='workflow-cps-global-lib' version='2.19'><l:dependency name='Pipeline: Shared Groovy Libraries' groupId='org.jenkins-ci.plugins.workflow' artifactId='workflow-cps-global-lib' version='2.19' url='https://github.com/jenkinsci/workflow-cps-global-lib-plugin'><l:description>The Jenkins Plugins Parent POM Project</l:description><l:license name='MIT License' url='https://opensource.org/licenses/MIT'/></l:dependency><l:dependency name='Jenkins Apache HttpComponents Client 4.x API Plugin' groupId='org.jenkins-ci.plugins' artifactId='apache-httpcomponents-client-4-api' version='4.5.13-1.0' url='https://github.com/jenkinsci/apache-httpcomponents-client-4-api-plugin'><l:description>Bundles Apache HttpComponents Client 4.x and allows it to be used by Jenkins plugins</l:description><l:license name='MIT License' url='http://opensource.org/licenses/MIT'/></l:dependency><l:dependency name='Apache HttpCore' groupId='org.apache.httpcomponents' artifactId='httpcore' version='4.4.14' url='http://hc.apache.org/httpcomponents-core-ga'><l:description>Apache HttpComponents Core (blocking I/O)</l:description><l:license name='Apache License, Version 2.0' url='http://www.apache.org/licenses/LICENSE-2.0.txt'/></l:dependency><l:dependency name='Apache HttpAsyncClient' groupId='org.apache.httpcomponents' artifactId='httpasyncclient' version='4.1.4' url='http://hc.apache.org/httpcomponents-asyncclient'><l:description>Apache HttpComponents AsyncClient</l:description><l:license name='Apache License, Version 2.0' url='http://www.apache.org/licenses/LICENSE-2.0.txt'/></l:dependency><l:dependency name='Apache HttpCore NIO' groupId='org.apache.httpcomponents' artifactId='httpcore-nio' version='4.4.14' url='http://hc.apache.org/httpcomponents-core-ga'><l:description>Apache HttpComponents Core (non-blocking I/O)</l:description><l:license name='Apache License, Version 2.0' url='http://www.apache.org/licenses/LICENSE-2.0.txt'/></l:dependency><l:dependency name='Apache HttpClient Fluent API' groupId='org.apache.httpcomponents' artifactId='fluent-hc' version='4.5.13' url='http://hc.apache.org/httpcomponents-client'><l:description>Apache HttpComponents Client fluent API</l:description><l:license name='Apache License, Version 2.0' url='http://www.apache.org/licenses/LICENSE-2.0.txt'/></l:dependency><l:dependency name='Apache HttpClient Mime' groupId='org.apache.httpcomponents' artifactId='httpmime' version='4.5.13' url='http://hc.apache.org/httpcomponents-client'><l:description>Apache HttpComponents HttpClient - MIME coded entities</l:description><l:license name='Apache License, Version 2.0' url='http://www.apache.org/licenses/LICENSE-2.0.txt'/></l:dependency><l:dependency name='Apache HttpClient' groupId='org.apache.httpcomponents' artifactId='httpclient' version='4.5.13' url='http://hc.apache.org/httpcomponents-client'><l:description>Apache HttpComponents Client</l:description><l:license name='Apache License, Version 2.0' url='http://www.apache.org/licenses/LICENSE-2.0.txt'/></l:dependency><l:dependency name='EdDSA-Java' groupId='net.i2p.crypto' artifactId='eddsa' version='0.3.0' url='https://github.com/str4d/ed25519-java'><l:description>Implementation of EdDSA in Java</l:description><l:license name='CC0 1.0 Universal' url='https://creativecommons.org/publicdomain/zero/1.0/'/></l:dependency><l:dependency name='Apache HttpAsyncClient Cache' groupId='org.apache.httpcomponents' artifactId='httpasyncclient-cache' version='4.1.4' url='http://hc.apache.org/httpcomponents-asyncclient'><l:description>Apache HttpComponents AsyncClient Cache</l:description><l:license name='Apache License, Version 2.0' url='http://www.apache.org/licenses/LICENSE-2.0.txt'/></l:dependency><l:dependency name='Apache Ivy' groupId='org.apache.ivy' artifactId='ivy' version='2.4.0' url='http://ant.apache.org/ivy/'><l:description>The Apache Software Foundation provides support for the Apache community of open-source software projects.
    The Apache projects are characterized by a collaborative, consensus based development process, an open and
    pragmatic software license, and a desire to create high quality software that leads the way in its field.
    We consider ourselves not simply a group of projects sharing a server, but rather a community of developers
    and users.</l:description><l:license name='The Apache Software License, Version 2.0' url='http://www.apache.org/licenses/LICENSE-2.0.txt'/></l:dependency><l:dependency name='SSH Credentials Plugin' groupId='org.jenkins-ci.plugins' artifactId='ssh-credentials' version='1.18.1' url='https://github.com/jenkinsci/ssh-credentials-plugin/blob/master/doc/README.md'><l:description>Allows storage of SSH credentials in Jenkins</l:description><l:license name='MIT License' url='https://opensource.org/licenses/MIT'/></l:dependency><l:dependency name='Apache HttpClient Cache' groupId='org.apache.httpcomponents' artifactId='httpclient-cache' version='4.5.13' url='http://hc.apache.org/httpcomponents-client'><l:description>Apache HttpComponents HttpClient - Cache</l:description><l:license name='Apache License, Version 2.0' url='http://www.apache.org/licenses/LICENSE-2.0.txt'/></l:dependency></l:dependencies>