<?xml version='1.0' encoding='UTF-8'?>
<l:dependencies xmlns:l='licenses' groupId='org.jenkins-ci.plugins' artifactId='credentials-binding' version='1.25'><l:dependency name='Credentials Binding Plugin' groupId='org.jenkins-ci.plugins' artifactId='credentials-binding' version='1.25' url='https://github.com/jenkinsci/credentials-binding-plugin'><l:description>Allows credentials to be bound to environment variables for use from miscellaneous build steps.</l:description><l:license name='MIT' url='https://opensource.org/licenses/MIT'/></l:dependency><l:dependency name='EdDSA-Java' groupId='net.i2p.crypto' artifactId='eddsa' version='0.3.0' url='https://github.com/str4d/ed25519-java'><l:description>Implementation of EdDSA in Java</l:description><l:license name='CC0 1.0 Universal' url='https://creativecommons.org/publicdomain/zero/1.0/'/></l:dependency></l:dependencies>