<?xml version='1.0' encoding='UTF-8'?>
<l:dependencies xmlns:l='licenses' groupId='org.jenkins-ci.plugins' artifactId='git' version='4.7.2'><l:dependency name='Jenkins Git plugin' groupId='org.jenkins-ci.plugins' artifactId='git' version='4.7.2' url='https://github.com/jenkinsci/git-plugin/blob/master/README.adoc'><l:description>Integrates Jenkins with Git SCM</l:description><l:license name='The MIT License (MIT)' url='https://opensource.org/licenses/MIT'/></l:dependency><l:dependency name='EdDSA-Java' groupId='net.i2p.crypto' artifactId='eddsa' version='0.3.0' url='https://github.com/str4d/ed25519-java'><l:description>Implementation of EdDSA in Java</l:description><l:license name='CC0 1.0 Universal' url='https://creativecommons.org/publicdomain/zero/1.0/'/></l:dependency></l:dependencies>