<?xml version="1.0" encoding="UTF-8"?>
<l:dependencies xmlns:l='licenses' groupId='org.jenkins-ci.modules' artifactId='sshd' version='3.0.3'><l:dependency name='SSH server' groupId='org.jenkins-ci.modules' artifactId='sshd' version='3.0.3' url=''><l:description>Adds SSH server functionality to Jenkins, exposing CLI commands through it</l:description><l:license name='MIT License' url='https://opensource.org/licenses/MIT'/></l:dependency><l:dependency name='SLF4J API Module' groupId='org.slf4j' artifactId='slf4j-api' version='1.7.30' url='http://www.slf4j.org'><l:description>The slf4j API</l:description><l:license name='MIT License' url='http://www.opensource.org/licenses/mit-license.php'/></l:dependency><l:dependency name='Self-Signed Certificate Generator' groupId='io.github.stephenc.crypto' artifactId='self-signed-cert-generator' version='1.0.0' url='http://stephenc.github.io/self-signed-cert-generator'><l:description>Library a shaded version of BouncyCastle and exposing an API to just generate self-signed certificates</l:description><l:license name='The MIT license' url='http://www.opensource.org/licenses/mit-license.php'/></l:dependency><l:dependency name='Instance Identity' groupId='org.jenkins-ci.modules' artifactId='instance-identity' version='2.2' url=''><l:description>Maintains an RSA key pair that can serve as a foundation of authentication when communicating with Jenkins</l:description><l:license name='MIT License' url='https://opensource.org/licenses/mit-license.php'/></l:dependency><l:dependency name='EdDSA-Java' groupId='net.i2p.crypto' artifactId='eddsa' version='0.3.0' url='https://github.com/str4d/ed25519-java'><l:description>Implementation of EdDSA in Java</l:description><l:license name='CC0 1.0 Universal' url='https://creativecommons.org/publicdomain/zero/1.0/'/></l:dependency><l:dependency name='Apache Mina SSHD :: Core' groupId='org.apache.sshd' artifactId='sshd-core' version='1.7.0' url='http://www.apache.org/sshd/sshd-core/'><l:description>The Apache Software Foundation provides support for the Apache community of open-source software projects.
    The Apache projects are characterized by a collaborative, consensus based development process, an open and
    pragmatic software license, and a desire to create high quality software that leads the way in its field.
    We consider ourselves not simply a group of projects sharing a server, but rather a community of developers
    and users.</l:description><l:license name='Apache 2.0 License' url='http://www.apache.org/licenses/LICENSE-2.0'/></l:dependency></l:dependencies>