<?xml version='1.0' encoding='UTF-8'?>
<l:dependencies xmlns:l='licenses' groupId='io.jenkins.plugins' artifactId='snakeyaml-api' version='1.29.1'><l:dependency name='Snakeyaml API Plugin' groupId='io.jenkins.plugins' artifactId='snakeyaml-api' version='1.29.1' url='https://github.com/jenkinsci/snakeyaml-api-plugin'><l:description>This plugin packages stock Snakeyaml library</l:description><l:license name='The MIT License (MIT)' url='http://opensource.org/licenses/MIT'/></l:dependency><l:dependency name='SnakeYAML' groupId='org.yaml' artifactId='snakeyaml' version='1.29' url='http://www.snakeyaml.org'><l:description>YAML 1.1 parser and emitter for Java</l:description><l:license name='Apache License, Version 2.0' url='http://www.apache.org/licenses/LICENSE-2.0.txt'/></l:dependency></l:dependencies>