<?xml version='1.0' encoding='UTF-8'?>
<l:dependencies xmlns:l='licenses' groupId='org.jenkins-ci.plugins' artifactId='credentials' version='2.5'><l:dependency name='Credentials Plugin' groupId='org.jenkins-ci.plugins' artifactId='credentials' version='2.5' url='https://github.com/jenkinsci/credentials-plugin/blob/master/docs/README.adoc'><l:description>This plugin allows you to store credentials in Jenkins.</l:description><l:license name='The MIT license' url='https://opensource.org/licenses/MIT'/></l:dependency><l:dependency name='ANTLR 4 Runtime' groupId='org.antlr' artifactId='antlr4-runtime' version='4.9.2' url='http://www.antlr.org/antlr4-runtime'><l:description>The ANTLR 4 Runtime</l:description><l:license name='The BSD License' url='http://www.antlr.org/license.html'/></l:dependency></l:dependencies>